"","pclass","survived","sex","sibsp","parch","embarked"
"1","1","1","female","0","0","S"
"2","1","1","male","1","2","S"
"3","1","0","female","1","2","S"
"4","1","0","male","1","2","S"
"5","1","0","female","1","2","S"
"6","1","1","male","0","0","S"
"7","1","1","female","1","0","S"
"8","1","0","male","0","0","S"
"9","1","1","female","2","0","S"
"10","1","0","male","0","0","C"
"11","1","0","male","1","0","C"
"12","1","1","female","1","0","C"
"13","1","1","female","0","0","C"
"14","1","1","female","0","0","S"
"15","1","1","male","0","0","S"
"16","1","0","male","0","0","S"
"17","1","0","male","0","1","C"
"18","1","1","female","0","1","C"
"19","1","1","female","0","0","C"
"20","1","0","male","0","0","C"
"21","1","1","male","1","1","S"
"22","1","1","female","1","1","S"
"23","1","1","male","0","0","C"
"24","1","1","female","0","0","C"
"25","1","1","female","0","0","S"
"26","1","0","male","0","0","C"
"27","1","1","male","1","0","C"
"28","1","1","female","1","0","C"
"29","1","1","female","0","0","S"
"30","1","1","male","0","0","S"
"31","1","0","male","0","0","S"
"32","1","1","male","0","0","C"
"33","1","1","female","0","0","S"
"34","1","1","female","0","0","S"
"35","1","0","male","0","0","S"
"36","1","1","female","0","0","C"
"37","1","1","female","0","1","S"
"38","1","1","male","0","0","S"
"39","1","0","male","0","0","S"
"40","1","0","male","0","0","C"
"41","1","0","male","0","0","C"
"42","1","1","female","0","0","C"
"43","1","1","female","2","0","S"
"44","1","1","female","0","0","C"
"45","1","1","female","0","0","C"
"46","1","0","male","0","0","S"
"47","1","0","male","0","0","S"
"48","1","1","male","0","0","S"
"49","1","1","female","0","0","C"
"50","1","1","male","0","1","C"
"51","1","1","female","0","1","C"
"52","1","0","male","0","0","S"
"53","1","0","male","0","0","S"
"54","1","0","male","0","0","S"
"55","1","1","male","1","2","S"
"56","1","1","female","1","2","S"
"57","1","1","male","1","2","S"
"58","1","1","female","1","2","S"
"59","1","0","male","0","0","S"
"60","1","1","female","0","0","C"
"61","1","0","male","1","0","S"
"62","1","1","female","1","0","S"
"63","1","0","male","1","0","S"
"64","1","1","female","1","0","S"
"65","1","1","male","1","0","S"
"66","1","1","female","1","0","S"
"67","1","1","female","0","0","C"
"68","1","1","female","0","0","S"
"69","1","1","male","0","0","C"
"70","1","1","female","0","1","S"
"71","1","0","male","0","0","S"
"72","1","0","male","1","0","C"
"73","1","1","female","1","0","C"
"74","1","1","female","0","0","S"
"75","1","0","male","0","0","S"
"76","1","0","male","0","0","S"
"77","1","1","female","1","1","C"
"78","1","0","male","1","1","C"
"79","1","1","female","0","2","C"
"80","1","1","female","2","0","S"
"81","1","0","male","0","0","S"
"82","1","0","male","1","1","S"
"83","1","1","female","0","2","S"
"84","1","1","female","1","1","S"
"85","1","0","male","1","0","C"
"86","1","1","female","1","0","C"
"87","1","1","male","0","0","S"
"88","1","1","male","0","0","S"
"89","1","1","female","0","0","S"
"90","1","0","male","1","0","S"
"91","1","1","female","1","2","S"
"92","1","1","male","1","0","S"
"93","1","1","female","1","0","S"
"94","1","1","male","1","1","S"
"95","1","1","male","0","2","S"
"96","1","1","female","1","1","S"
"97","1","0","male","1","0","C"
"98","1","1","female","1","1","C"
"99","1","1","female","1","0","C"
"100","1","1","female","1","0","C"
"101","1","1","male","1","0","C"
"102","1","0","male","0","0","C"
"103","1","1","female","0","1","C"
"104","1","1","female","0","0","C"
"105","1","1","female","1","0","C"
"106","1","0","female","0","0","C"
"107","1","0","male","0","0","S"
"108","1","1","female","0","0","S"
"109","1","1","female","0","0","C"
"110","1","1","male","0","0","S"
"111","1","0","male","0","0","C"
"112","1","1","female","3","2","S"
"113","1","1","female","3","2","S"
"114","1","1","female","3","2","S"
"115","1","0","male","3","2","S"
"116","1","0","male","1","4","S"
"117","1","1","female","1","4","S"
"118","1","1","female","0","0","C"
"119","1","0","male","0","0","S"
"120","1","1","male","2","0","S"
"121","1","1","male","1","0","C"
"122","1","1","female","1","0","S"
"123","1","1","female","0","2","C"
"124","1","1","male","1","1","C"
"125","1","1","female","1","1","C"
"126","1","0","male","0","0","S"
"127","1","0","male","1","0","S"
"128","1","1","female","1","0","S"
"129","1","0","male","0","0","S"
"130","1","1","female","0","0","C"
"131","1","1","female","0","1","C"
"132","1","1","female","0","1","C"
"133","1","0","male","0","0","C"
"134","1","1","male","1","0","C"
"135","1","1","female","1","0","C"
"136","1","0","male","0","0","C"
"137","1","1","male","0","0","C"
"138","1","1","female","0","0","S"
"139","1","0","male","0","1","S"
"140","1","1","female","0","1","S"
"141","1","1","male","0","1","C"
"142","1","1","female","0","1","C"
"143","1","0","male","0","0","C"
"144","1","1","male","1","0","C"
"145","1","1","female","1","0","C"
"146","1","1","male","1","0","C"
"147","1","1","female","1","0","C"
"148","1","0","male","0","0","S"
"149","1","0","male","1","0","S"
"150","1","1","female","1","0","S"
"151","1","0","male","0","0","S"
"152","1","1","male","0","0","C"
"153","1","1","male","0","0","S"
"154","1","1","female","0","0","C"
"155","1","0","male","1","1","S"
"156","1","1","female","1","1","S"
"157","1","0","male","0","0","S"
"158","1","0","male","0","0","S"
"159","1","0","male","0","0","S"
"160","1","1","female","0","1","C"
"161","1","1","female","0","1","C"
"162","1","1","female","1","0","S"
"163","1","0","male","1","0","S"
"164","1","1","female","1","0","S"
"165","1","1","male","0","0","C"
"166","1","1","male","1","0","S"
"167","1","0","male","0","0","C"
"168","1","1","female","1","0","S"
"169","1","1","female","0","0",""
"170","1","0","female","0","0","C"
"171","1","1","male","0","0","S"
"172","1","0","male","0","0","S"
"173","1","0","male","0","0","S"
"174","1","0","male","0","0","C"
"175","1","0","male","0","0","C"
"176","1","0","male","1","0","S"
"177","1","1","female","1","0","S"
"178","1","1","male","1","0","S"
"179","1","1","female","1","0","S"
"180","1","0","male","0","0","S"
"181","1","1","female","0","0","S"
"182","1","1","female","0","0","S"
"183","1","1","female","0","0","C"
"184","1","1","male","0","0","C"
"185","1","0","male","0","0","C"
"186","1","0","male","0","0","S"
"187","1","1","female","0","0","C"
"188","1","1","female","0","1","S"
"189","1","1","female","0","1","S"
"190","1","0","male","0","0","S"
"191","1","1","female","0","0","S"
"192","1","0","male","0","0","S"
"193","1","1","female","0","0","C"
"194","1","1","female","0","1","S"
"195","1","0","male","0","0","S"
"196","1","1","female","0","0","S"
"197","1","1","male","0","0","C"
"198","1","0","male","1","0","S"
"199","1","1","female","1","0","S"
"200","1","1","female","0","0","C"
"201","1","0","male","0","0","C"
"202","1","0","male","0","0","S"
"203","1","1","male","0","0","S"
"204","1","0","male","1","0","C"
"205","1","1","female","1","0","C"
"206","1","0","male","0","0","S"
"207","1","0","male","2","0","Q"
"208","1","1","female","1","0","Q"
"209","1","1","female","1","0","Q"
"210","1","1","male","1","0","C"
"211","1","0","male","0","0","S"
"212","1","0","male","0","0","S"
"213","1","0","male","0","1","C"
"214","1","1","female","1","0","C"
"215","1","1","female","1","0","C"
"216","1","0","male","0","2","C"
"217","1","1","female","0","2","S"
"218","1","0","male","0","0","S"
"219","1","1","female","0","0","C"
"220","1","1","male","0","0","C"
"221","1","1","female","0","1","C"
"222","1","0","male","0","1","C"
"223","1","0","male","0","0","C"
"224","1","0","male","0","0","S"
"225","1","0","male","0","0","S"
"226","1","0","male","0","0","S"
"227","1","0","male","1","0","S"
"228","1","1","female","1","0","S"
"229","1","0","male","1","0","C"
"230","1","1","female","1","0","C"
"231","1","1","female","0","0","S"
"232","1","1","male","0","0","S"
"233","1","0","male","0","0","S"
"234","1","1","female","0","1","C"
"235","1","0","male","0","0","S"
"236","1","1","male","0","0","S"
"237","1","0","male","0","0","C"
"238","1","0","male","0","0","C"
"239","1","1","female","0","1","S"
"240","1","0","male","0","0","S"
"241","1","1","male","0","0","S"
"242","1","0","male","0","0","S"
"243","1","1","female","0","0","C"
"244","1","0","male","0","0","C"
"245","1","0","male","0","0","C"
"246","1","1","female","0","0","S"
"247","1","0","male","1","0","C"
"248","1","1","female","1","0","C"
"249","1","0","male","0","0","S"
"250","1","1","male","2","2","C"
"251","1","1","female","2","2","C"
"252","1","1","female","2","2","C"
"253","1","0","male","1","3","C"
"254","1","1","female","1","3","C"
"255","1","1","male","0","0","S"
"256","1","1","female","0","0","C"
"257","1","1","male","0","0","S"
"258","1","1","female","1","0","C"
"259","1","1","female","0","0","C"
"260","1","1","male","0","0","S"
"261","1","1","female","0","0","S"
"262","1","1","male","0","0","S"
"263","1","0","male","1","0","S"
"264","1","1","female","1","0","S"
"265","1","1","male","0","0","C"
"266","1","1","male","0","0","S"
"267","1","0","male","0","0","S"
"268","1","0","male","0","0","C"
"269","1","0","male","1","0","S"
"270","1","0","male","0","0","S"
"271","1","1","female","1","0","S"
"272","1","1","male","1","0","S"
"273","1","1","female","1","0","S"
"274","1","1","male","0","2","C"
"275","1","1","male","1","1","C"
"276","1","1","female","1","1","C"
"277","1","0","male","1","0","C"
"278","1","1","female","1","0","C"
"279","1","1","male","0","0","C"
"280","1","0","male","0","0","S"
"281","1","1","male","1","0","C"
"282","1","1","female","1","0","C"
"283","1","1","female","1","0","C"
"284","1","0","male","0","0","C"
"285","1","1","female","0","0",""
"286","1","0","male","1","0","S"
"287","1","0","female","1","0","S"
"288","1","0","male","0","0","S"
"289","1","1","female","0","0","S"
"290","1","1","female","0","2","S"
"291","1","0","male","1","1","S"
"292","1","1","female","1","1","S"
"293","1","1","male","1","0","S"
"294","1","1","female","1","0","S"
"295","1","0","male","1","1","C"
"296","1","1","male","0","2","C"
"297","1","1","female","1","1","C"
"298","1","1","female","0","0","C"
"299","1","1","male","0","0","C"
"300","1","0","male","0","0","C"
"301","1","0","male","0","0","S"
"302","1","0","male","0","0","S"
"303","1","1","female","0","0","C"
"304","1","0","male","1","0","C"
"305","1","1","female","1","0","C"
"306","1","0","male","0","0","S"
"307","1","0","male","0","1","S"
"308","1","0","male","0","1","S"
"309","1","1","female","0","0","C"
"310","1","1","female","0","2","S"
"311","1","0","male","1","1","S"
"312","1","1","female","1","1","S"
"313","1","0","male","1","1","C"
"314","1","0","male","0","2","C"
"315","1","1","female","1","1","C"
"316","1","1","female","0","0","S"
"317","1","0","male","0","1","C"
"318","1","1","male","0","1","C"
"319","1","0","male","0","0","S"
"320","1","1","female","0","0","C"
"321","1","1","male","0","0","S"
"322","1","0","male","0","0","S"
"323","1","1","female","0","0","C"
"324","2","0","male","1","0","C"
"325","2","1","female","1","0","C"
"326","2","0","male","0","0","S"
"327","2","0","male","0","0","S"
"328","2","0","male","0","0","S"
"329","2","0","male","1","0","S"
"330","2","1","female","1","0","S"
"331","2","0","male","0","0","S"
"332","2","0","male","0","0","S"
"333","2","0","male","0","0","S"
"334","2","1","female","0","0","S"
"335","2","0","male","0","0","S"
"336","2","0","male","0","0","S"
"337","2","1","male","1","0","S"
"338","2","1","female","1","0","S"
"339","2","0","male","0","0","S"
"340","2","1","male","2","1","S"
"341","2","1","female","2","1","S"
"342","2","1","female","2","1","S"
"343","2","1","female","0","3","S"
"344","2","1","male","0","0","S"
"345","2","1","female","0","0","S"
"346","2","0","male","0","0","S"
"347","2","0","male","0","0","S"
"348","2","0","male","0","0","S"
"349","2","0","male","0","0","S"
"350","2","1","female","0","0","S"
"351","2","1","female","0","2","S"
"352","2","0","male","1","1","S"
"353","2","1","female","1","1","S"
"354","2","1","female","1","0","S"
"355","2","0","male","1","0","S"
"356","2","1","female","0","0","S"
"357","2","0","male","0","0","S"
"358","2","0","male","0","0","S"
"359","2","1","female","0","0","S"
"360","2","1","male","0","2","S"
"361","2","1","male","1","1","S"
"362","2","1","female","1","1","S"
"363","2","1","female","0","0","S"
"364","2","0","male","0","0","S"
"365","2","0","male","0","0","S"
"366","2","0","female","1","0","S"
"367","2","0","male","1","0","S"
"368","2","0","male","0","0","S"
"369","2","0","male","1","0","S"
"370","2","0","female","1","0","S"
"371","2","1","female","1","1","S"
"372","2","1","female","0","2","S"
"373","2","0","male","1","0","S"
"374","2","1","female","1","0","S"
"375","2","0","male","0","0","S"
"376","2","0","male","0","0","S"
"377","2","1","male","0","0","S"
"378","2","1","female","0","2","S"
"379","2","0","male","1","1","S"
"380","2","1","female","1","1","S"
"381","2","1","female","0","0","S"
"382","2","0","female","0","0","S"
"383","2","0","female","0","0","S"
"384","2","0","male","0","0","S"
"385","2","0","male","0","0","S"
"386","2","1","male","1","1","S"
"387","2","0","male","0","0","S"
"388","2","1","female","0","2","S"
"389","2","1","female","0","0","S"
"390","2","0","male","0","0","S"
"391","2","0","male","0","0","S"
"392","2","0","male","1","0","C"
"393","2","1","female","1","0","C"
"394","2","0","male","0","0","S"
"395","2","0","male","0","0","S"
"396","2","1","female","0","1","S"
"397","2","1","female","0","1","S"
"398","2","0","male","0","0","S"
"399","2","1","male","0","2","S"
"400","2","0","male","1","1","S"
"401","2","1","female","1","1","S"
"402","2","1","female","1","0","C"
"403","2","1","female","1","0","C"
"404","2","0","male","0","0","S"
"405","2","0","male","0","0","S"
"406","2","0","male","0","0","S"
"407","2","0","male","1","0","S"
"408","2","1","female","1","0","S"
"409","2","0","male","0","0","S"
"410","2","0","male","0","0","S"
"411","2","0","male","0","0","S"
"412","2","0","female","0","0","S"
"413","2","0","male","0","0","S"
"414","2","0","male","1","0","S"
"415","2","0","male","1","0","S"
"416","2","1","female","0","0","S"
"417","2","0","male","0","0","S"
"418","2","0","male","0","0","S"
"419","2","0","male","0","0","S"
"420","2","0","male","1","0","S"
"421","2","0","male","1","0","S"
"422","2","0","male","0","0","S"
"423","2","0","male","0","0","S"
"424","2","0","male","0","0","S"
"425","2","0","male","0","0","S"
"426","2","0","male","0","0","S"
"427","2","0","male","0","0","S"
"428","2","1","male","1","1","S"
"429","2","1","female","0","2","S"
"430","2","0","male","0","0","S"
"431","2","1","female","0","1","S"
"432","2","0","male","0","1","S"
"433","2","1","male","0","0","S"
"434","2","0","male","0","0","S"
"435","2","1","female","0","2","S"
"436","2","0","male","1","1","S"
"437","2","1","female","1","1","S"
"438","2","1","female","1","2","S"
"439","2","1","female","1","2","S"
"440","2","0","male","1","2","S"
"441","2","1","female","1","2","S"
"442","2","1","female","0","0","S"
"443","2","0","male","2","0","S"
"444","2","0","male","2","0","S"
"445","2","0","male","2","0","S"
"446","2","0","female","1","1","S"
"447","2","1","female","2","1","S"
"448","2","0","male","2","1","S"
"449","2","0","male","0","0","S"
"450","2","1","female","1","3","S"
"451","2","0","male","0","0","S"
"452","2","0","male","1","0","S"
"453","2","1","female","1","0","S"
"454","2","0","male","0","0","S"
"455","2","1","male","0","0","S"
"456","2","0","male","1","0","S"
"457","2","0","female","1","0","S"
"458","2","0","male","0","0","S"
"459","2","1","female","0","0","S"
"460","2","0","male","1","0","S"
"461","2","1","female","2","1","S"
"462","2","0","male","0","0","S"
"463","2","0","male","2","0","S"
"464","2","0","male","2","0","S"
"465","2","0","male","0","0","S"
"466","2","1","female","0","0","C"
"467","2","0","male","1","0","S"
"468","2","1","female","1","0","S"
"469","2","0","female","0","0","S"
"470","2","1","female","0","0","Q"
"471","2","0","male","0","0","Q"
"472","2","1","female","0","0","S"
"473","2","0","male","0","0","Q"
"474","2","0","male","0","0","S"
"475","2","0","male","0","0","S"
"476","2","0","female","1","1","S"
"477","2","0","male","1","1","S"
"478","2","0","male","0","0","Q"
"479","2","1","female","1","2","C"
"480","2","1","female","1","2","C"
"481","2","0","male","1","2","C"
"482","2","1","female","1","2","C"
"483","2","1","female","0","0","C"
"484","2","1","female","0","0","S"
"485","2","1","female","0","0","S"
"486","2","0","male","0","0","C"
"487","2","0","male","0","0","S"
"488","2","0","male","0","0","Q"
"489","2","0","male","1","0","S"
"490","2","1","female","1","0","S"
"491","2","0","female","0","0","S"
"492","2","0","male","0","0","C"
"493","2","1","male","0","2","C"
"494","2","0","male","1","1","C"
"495","2","1","female","1","1","C"
"496","2","0","male","0","0","C"
"497","2","0","male","0","0","S"
"498","2","0","male","0","0","S"
"499","2","0","male","0","0","S"
"500","2","0","male","0","0","S"
"501","2","0","male","0","0","S"
"502","2","1","female","0","1","S"
"503","2","1","female","0","1","S"
"504","2","1","male","0","0","S"
"505","2","0","male","0","0","S"
"506","2","0","male","0","0","S"
"507","2","0","male","0","0","S"
"508","2","0","male","0","0","S"
"509","2","0","male","0","0","S"
"510","2","0","male","0","0","S"
"511","2","0","male","0","0","S"
"512","2","0","male","0","0","Q"
"513","2","0","male","1","0","C"
"514","2","1","female","1","0","C"
"515","2","1","male","1","1","S"
"516","2","1","male","1","1","S"
"517","2","0","male","0","2","S"
"518","2","0","male","0","0","S"
"519","2","0","male","1","1","S"
"520","2","0","male","0","0","S"
"521","2","1","male","0","0","C"
"522","2","1","female","0","0","S"
"523","2","0","male","0","0","S"
"524","2","1","male","0","0","S"
"525","2","1","male","0","0","C"
"526","2","0","male","0","0","S"
"527","2","1","male","0","0","C"
"528","2","0","male","0","0","S"
"529","2","0","male","0","0","S"
"530","2","1","female","0","1","S"
"531","2","0","male","0","0","S"
"532","2","0","male","0","0","C"
"533","2","0","male","0","0","S"
"534","2","1","female","0","1","S"
"535","2","1","female","0","0","S"
"536","2","0","male","0","1","S"
"537","2","1","female","0","0","S"
"538","2","0","male","0","0","S"
"539","2","1","male","0","0","C"
"540","2","0","male","0","0","C"
"541","2","1","female","1","1","S"
"542","2","1","female","1","1","S"
"543","2","1","female","0","2","S"
"544","2","0","male","0","0","S"
"545","2","0","male","1","0","S"
"546","2","1","female","3","0","S"
"547","2","1","female","0","0","S"
"548","2","0","male","0","0","C"
"549","2","1","male","1","1","S"
"550","2","1","male","1","1","S"
"551","2","1","female","2","3","S"
"552","2","1","female","0","0","S"
"553","2","0","male","0","0","S"
"554","2","1","female","0","0","S"
"555","2","0","male","0","0","S"
"556","2","0","male","0","0","S"
"557","2","0","male","0","0","S"
"558","2","1","female","0","1","S"
"559","2","1","female","0","2","S"
"560","2","1","female","0","0","S"
"561","2","1","female","0","0","S"
"562","2","0","male","0","0","S"
"563","2","1","female","0","0","Q"
"564","2","0","male","0","0","S"
"565","2","1","female","0","0","S"
"566","2","0","male","0","0","S"
"567","2","0","male","0","0","C"
"568","2","0","male","0","0","S"
"569","2","0","male","0","0","S"
"570","2","0","male","0","0","S"
"571","2","1","female","0","0","S"
"572","2","0","male","0","0","S"
"573","2","1","female","0","0","S"
"574","2","1","female","0","0","S"
"575","2","0","male","1","0","S"
"576","2","0","female","1","0","S"
"577","2","0","male","0","0","S"
"578","2","1","female","0","0","S"
"579","2","0","male","1","0","S"
"580","2","0","male","1","0","S"
"581","2","1","female","0","0","S"
"582","2","0","male","0","0","S"
"583","2","1","female","0","0","S"
"584","2","1","female","0","0","S"
"585","2","1","female","0","0","S"
"586","2","0","male","1","0","S"
"587","2","1","female","1","0","S"
"588","2","1","male","1","1","S"
"589","2","1","female","1","1","S"
"590","2","1","female","0","2","S"
"591","2","1","female","1","2","S"
"592","2","1","female","1","2","S"
"593","2","0","male","1","2","S"
"594","2","1","female","1","2","S"
"595","2","0","male","0","0","S"
"596","2","0","male","0","0","S"
"597","2","1","male","0","0","S"
"598","2","1","male","0","0","S"
"599","2","1","female","0","0","S"
"600","2","0","female","0","0","S"
"601","3","0","male","0","0","S"
"602","3","0","male","0","2","S"
"603","3","0","male","1","1","S"
"604","3","1","female","1","1","S"
"605","3","1","female","0","0","S"
"606","3","1","male","0","0","S"
"607","3","1","male","0","0","S"
"608","3","1","female","0","0","C"
"609","3","0","male","0","0","S"
"610","3","0","male","0","0","S"
"611","3","0","female","1","0","S"
"612","3","1","male","0","1","S"
"613","3","1","female","0","1","S"
"614","3","1","male","0","0","C"
"615","3","0","male","0","0","S"
"616","3","0","male","0","0","S"
"617","3","0","male","0","0","S"
"618","3","0","male","0","0","S"
"619","3","0","male","0","0","S"
"620","3","0","male","0","0","S"
"621","3","0","male","0","0","S"
"622","3","1","female","1","0","S"
"623","3","0","male","4","2","S"
"624","3","0","female","4","2","S"
"625","3","0","female","4","2","S"
"626","3","1","female","4","2","S"
"627","3","0","female","4","2","S"
"628","3","0","female","4","2","S"
"629","3","0","female","4","2","S"
"630","3","0","male","1","5","S"
"631","3","1","male","0","0","S"
"632","3","0","male","0","0","S"
"633","3","0","female","1","5","S"
"634","3","0","male","0","0","S"
"635","3","0","male","0","0","S"
"636","3","0","male","1","0","S"
"637","3","0","female","1","0","S"
"638","3","0","male","0","0","S"
"639","3","0","male","0","0","S"
"640","3","0","male","4","2","S"
"641","3","0","male","4","2","S"
"642","3","1","male","4","2","S"
"643","3","0","male","4","2","S"
"644","3","1","female","4","2","S"
"645","3","0","male","1","5","S"
"646","3","1","male","0","0","S"
"647","3","1","female","1","5","S"
"648","3","1","female","0","0","C"
"649","3","0","male","0","0","C"
"650","3","0","male","0","0","S"
"651","3","0","female","0","0","C"
"652","3","0","male","0","0","C"
"653","3","0","male","0","0","S"
"654","3","1","female","0","0","C"
"655","3","0","male","0","0","C"
"656","3","0","male","1","0","S"
"657","3","1","female","3","0","S"
"658","3","1","female","2","1","C"
"659","3","1","female","2","1","C"
"660","3","1","female","2","1","C"
"661","3","1","female","0","3","C"
"662","3","1","female","0","0","S"
"663","3","0","male","0","0","C"
"664","3","0","male","0","0","S"
"665","3","1","male","0","0","C"
"666","3","0","female","0","1","C"
"667","3","0","female","0","1","C"
"668","3","0","female","0","0","Q"
"669","3","0","male","0","0","S"
"670","3","0","male","0","0","S"
"671","3","0","male","0","0","S"
"672","3","0","male","0","0","S"
"673","3","0","male","0","0","C"
"674","3","0","male","0","0","C"
"675","3","1","male","0","0","S"
"676","3","0","male","0","0","S"
"677","3","0","male","0","0","S"
"678","3","0","male","0","0","S"
"679","3","0","male","1","1","C"
"680","3","0","female","1","1","C"
"681","3","0","male","0","0","C"
"682","3","0","female","0","2","C"
"683","3","0","female","0","2","Q"
"684","3","0","male","1","1","Q"
"685","3","0","female","1","1","Q"
"686","3","0","male","0","0","S"
"687","3","1","female","0","0","Q"
"688","3","0","female","0","0","S"
"689","3","0","male","1","0","S"
"690","3","0","male","1","0","S"
"691","3","0","male","0","0","S"
"692","3","0","male","0","0","S"
"693","3","0","female","0","0","Q"
"694","3","1","male","0","0","Q"
"695","3","0","male","0","0","Q"
"696","3","0","female","0","0","Q"
"697","3","0","female","0","0","S"
"698","3","0","female","0","0","S"
"699","3","0","male","0","0","S"
"700","3","0","male","0","0","S"
"701","3","0","male","0","0","S"
"702","3","0","male","0","0","S"
"703","3","0","female","0","0","Q"
"704","3","0","male","0","0","Q"
"705","3","0","male","0","0","S"
"706","3","0","male","1","0","C"
"707","3","0","female","1","0","C"
"708","3","0","male","0","0","S"
"709","3","0","male","0","0","S"
"710","3","1","female","0","0","Q"
"711","3","0","female","0","0","Q"
"712","3","0","male","0","0","S"
"713","3","0","male","0","0","S"
"714","3","0","male","0","0","Q"
"715","3","1","male","0","0","S"
"716","3","0","male","0","0","S"
"717","3","0","male","1","0","C"
"718","3","0","male","1","0","C"
"719","3","0","male","0","0","S"
"720","3","1","male","0","0","S"
"721","3","0","male","0","0","Q"
"722","3","0","male","0","0","S"
"723","3","0","male","0","0","S"
"724","3","0","male","0","0","Q"
"725","3","0","male","0","0","Q"
"726","3","1","female","0","0","Q"
"727","3","0","female","0","0","Q"
"728","3","0","male","0","0","Q"
"729","3","0","male","0","0","S"
"730","3","0","male","0","0","S"
"731","3","0","male","0","0","S"
"732","3","0","male","0","0","S"
"733","3","0","male","0","0","S"
"734","3","1","male","1","1","S"
"735","3","1","male","1","1","S"
"736","3","1","female","0","2","S"
"737","3","0","male","0","0","S"
"738","3","0","male","0","0","S"
"739","3","1","female","0","1","S"
"740","3","0","male","0","1","S"
"741","3","0","male","0","0","S"
"742","3","0","male","0","0","C"
"743","3","1","male","0","0","S"
"744","3","0","female","0","0","S"
"745","3","0","male","0","0","S"
"746","3","1","female","0","0","Q"
"747","3","1","male","0","0","Q"
"748","3","0","male","0","2","S"
"749","3","0","male","1","1","S"
"750","3","0","female","1","1","S"
"751","3","0","male","0","0","S"
"752","3","0","male","0","0","S"
"753","3","0","male","2","0","S"
"754","3","0","male","0","0","S"
"755","3","0","male","2","0","S"
"756","3","0","male","2","0","S"
"757","3","0","male","1","0","S"
"758","3","1","female","1","0","S"
"759","3","1","male","1","0","S"
"760","3","1","female","1","0","S"
"761","3","1","male","0","0","S"
"762","3","0","male","0","0","S"
"763","3","1","male","1","2","S"
"764","3","1","female","1","2","S"
"765","3","0","male","1","2","S"
"766","3","1","female","1","2","S"
"767","3","0","male","0","0","S"
"768","3","0","male","0","0","S"
"769","3","0","male","0","0","S"
"770","3","0","male","0","0","S"
"771","3","0","male","0","0","S"
"772","3","1","female","0","0","Q"
"773","3","0","male","0","0","S"
"774","3","0","male","0","0","S"
"775","3","0","male","0","0","S"
"776","3","0","male","0","0","C"
"777","3","0","male","0","0","Q"
"778","3","1","male","0","0","S"
"779","3","1","female","0","0","S"
"780","3","0","female","0","0","Q"
"781","3","1","female","0","0","S"
"782","3","0","male","0","0","C"
"783","3","0","male","0","0","Q"
"784","3","1","male","0","0","S"
"785","3","0","male","1","0","S"
"786","3","1","female","1","0","S"
"787","3","0","male","0","0","S"
"788","3","0","male","0","0","S"
"789","3","0","male","0","0","S"
"790","3","0","male","0","0","C"
"791","3","0","male","0","2","C"
"792","3","0","male","1","1","C"
"793","3","0","male","1","1","C"
"794","3","0","male","0","0","S"
"795","3","1","female","0","0","S"
"796","3","0","male","0","0","C"
"797","3","0","male","0","0","S"
"798","3","0","male","0","0","Q"
"799","3","1","male","0","0","S"
"800","3","0","male","0","0","S"
"801","3","0","female","0","0","Q"
"802","3","0","male","0","0","Q"
"803","3","0","male","0","0","Q"
"804","3","0","male","0","0","Q"
"805","3","0","male","0","0","Q"
"806","3","1","male","0","0","S"
"807","3","0","female","2","2","S"
"808","3","0","female","2","2","S"
"809","3","0","male","0","0","S"
"810","3","0","male","2","2","S"
"811","3","0","male","1","3","S"
"812","3","0","female","1","3","S"
"813","3","0","male","0","0","Q"
"814","3","0","male","0","0","S"
"815","3","0","male","0","0","Q"
"816","3","0","male","0","0","S"
"817","3","0","male","0","0","C"
"818","3","0","male","0","0","S"
"819","3","1","female","0","0","Q"
"820","3","1","female","0","0","Q"
"821","3","1","male","0","2","S"
"822","3","0","male","1","1","S"
"823","3","0","male","0","0","S"
"824","3","1","female","1","1","S"
"825","3","0","male","0","0","S"
"826","3","0","male","5","2","S"
"827","3","0","male","5","2","S"
"828","3","0","male","5","2","S"
"829","3","0","female","5","2","S"
"830","3","0","female","5","2","S"
"831","3","0","male","5","2","S"
"832","3","0","male","1","6","S"
"833","3","0","female","1","6","S"
"834","3","0","male","0","0","S"
"835","3","0","male","0","0","S"
"836","3","0","male","0","0","S"
"837","3","0","male","0","0","S"
"838","3","0","male","2","0","S"
"839","3","0","male","2","0","S"
"840","3","0","male","0","0","S"
"841","3","0","female","0","0","S"
"842","3","0","female","0","0","Q"
"843","3","0","male","1","0","S"
"844","3","0","male","1","0","S"
"845","3","0","male","1","0","S"
"846","3","1","female","1","0","S"
"847","3","0","male","0","0","S"
"848","3","0","male","0","0","C"
"849","3","0","male","2","0","S"
"850","3","0","male","1","0","S"
"851","3","0","male","0","0","S"
"852","3","1","female","1","0","S"
"853","3","0","female","0","0","S"
"854","3","0","male","0","0","S"
"855","3","0","male","0","0","Q"
"856","3","0","male","0","0","C"
"857","3","1","female","0","0","Q"
"858","3","1","male","0","0","S"
"859","3","1","male","0","0","S"
"860","3","0","female","0","0","Q"
"861","3","1","female","0","0","S"
"862","3","0","female","0","0","S"
"863","3","1","female","0","0","S"
"864","3","0","male","0","0","S"
"865","3","0","female","0","0","S"
"866","3","0","female","0","0","Q"
"867","3","1","female","0","1","S"
"868","3","1","female","1","1","S"
"869","3","0","male","0","0","S"
"870","3","0","male","0","0","S"
"871","3","1","female","0","0","S"
"872","3","0","male","0","0","Q"
"873","3","1","female","0","0","S"
"874","3","0","male","0","0","S"
"875","3","1","male","0","0","S"
"876","3","0","male","0","0","C"
"877","3","0","male","0","0","S"
"878","3","0","female","1","0","S"
"879","3","0","female","1","0","S"
"880","3","0","male","0","0","S"
"881","3","1","male","0","0","C"
"882","3","1","male","0","0","S"
"883","3","0","male","0","0","S"
"884","3","0","male","0","0","S"
"885","3","0","male","0","0","S"
"886","3","0","male","1","0","S"
"887","3","1","female","0","0","Q"
"888","3","1","male","0","0","S"
"889","3","0","male","0","0","S"
"890","3","1","male","0","0","S"
"891","3","0","male","0","0","S"
"892","3","0","male","0","0","S"
"893","3","0","male","0","0","S"
"894","3","0","male","0","0","S"
"895","3","1","male","1","1","S"
"896","3","1","female","1","1","S"
"897","3","0","male","0","0","S"
"898","3","0","male","0","0","S"
"899","3","0","male","0","0","S"
"900","3","1","female","0","2","S"
"901","3","0","male","1","2","S"
"902","3","0","female","1","2","S"
"903","3","0","male","1","2","S"
"904","3","0","female","1","2","S"
"905","3","0","male","0","0","S"
"906","3","1","male","0","0","S"
"907","3","0","male","0","0","S"
"908","3","0","female","1","0","S"
"909","3","0","female","1","0","S"
"910","3","1","male","0","0","S"
"911","3","0","male","0","0","S"
"912","3","0","male","0","0","S"
"913","3","0","male","0","0","S"
"914","3","1","male","0","0","S"
"915","3","0","male","0","0","S"
"916","3","0","male","0","0","S"
"917","3","1","female","0","1","C"
"918","3","1","male","0","1","C"
"919","3","0","male","0","0","C"
"920","3","0","male","0","0","C"
"921","3","0","male","0","0","Q"
"922","3","0","male","0","0","S"
"923","3","1","female","0","0","Q"
"924","3","1","female","0","0","Q"
"925","3","0","male","0","0","Q"
"926","3","0","male","0","0","S"
"927","3","1","male","0","0","Q"
"928","3","0","male","1","0","C"
"929","3","0","female","1","0","C"
"930","3","0","male","1","0","Q"
"931","3","0","male","1","0","Q"
"932","3","0","male","0","0","Q"
"933","3","0","female","2","0","S"
"934","3","0","male","2","0","S"
"935","3","1","female","0","2","S"
"936","3","1","male","3","1","S"
"937","3","1","female","1","1","S"
"938","3","0","female","1","1","S"
"939","3","0","male","1","1","S"
"940","3","0","female","0","2","S"
"941","3","0","male","0","0","C"
"942","3","1","male","0","0","C"
"943","3","0","male","0","0","C"
"944","3","0","female","0","0","S"
"945","3","0","male","0","0","S"
"946","3","1","male","0","0","S"
"947","3","0","male","0","0","S"
"948","3","1","female","0","0","S"
"949","3","0","male","0","0","Q"
"950","3","1","male","0","0","S"
"951","3","0","male","0","0","S"
"952","3","0","male","0","0","S"
"953","3","0","male","0","0","S"
"954","3","1","male","0","0","C"
"955","3","0","male","3","1","S"
"956","3","0","female","3","1","S"
"957","3","0","female","3","1","S"
"958","3","0","female","3","1","S"
"959","3","0","female","0","4","S"
"960","3","0","male","0","0","S"
"961","3","0","male","0","0","C"
"962","3","0","female","1","0","Q"
"963","3","0","male","1","0","Q"
"964","3","0","male","0","0","S"
"965","3","0","male","0","0","S"
"966","3","0","male","0","0","S"
"967","3","0","female","0","0","S"
"968","3","0","female","0","0","S"
"969","3","0","male","1","0","S"
"970","3","0","female","1","0","S"
"971","3","1","male","1","0","S"
"972","3","0","male","0","0","Q"
"973","3","0","male","0","0","S"
"974","3","0","male","0","0","S"
"975","3","0","male","1","0","S"
"976","3","0","female","1","0","S"
"977","3","0","male","0","0","S"
"978","3","0","male","0","0","S"
"979","3","1","male","0","0","S"
"980","3","0","male","0","0","S"
"981","3","1","female","0","0","S"
"982","3","1","male","0","0","S"
"983","3","0","male","0","0","S"
"984","3","0","male","0","0","S"
"985","3","1","female","0","0","Q"
"986","3","1","male","0","0","S"
"987","3","0","male","0","0","S"
"988","3","0","female","0","0","Q"
"989","3","0","male","0","0","Q"
"990","3","0","male","0","0","S"
"991","3","0","male","0","0","S"
"992","3","1","male","0","0","C"
"993","3","0","female","0","0","Q"
"994","3","1","female","0","0","Q"
"995","3","0","male","0","0","C"
"996","3","0","male","0","0","C"
"997","3","0","male","0","0","S"
"998","3","1","female","0","0","C"
"999","3","0","male","0","0","C"
"1000","3","1","female","0","0","Q"
"1001","3","1","male","0","0","Q"
"1002","3","1","female","2","0","Q"
"1003","3","1","female","2","0","Q"
"1004","3","1","male","2","0","Q"
"1005","3","1","female","0","0","Q"
"1006","3","0","male","0","0","Q"
"1007","3","1","female","0","0","Q"
"1008","3","1","female","0","0","Q"
"1009","3","0","female","0","0","Q"
"1010","3","0","male","0","0","Q"
"1011","3","0","male","1","0","S"
"1012","3","0","female","1","0","S"
"1013","3","0","female","0","0","Q"
"1014","3","0","female","0","0","S"
"1015","3","0","female","0","0","S"
"1016","3","0","male","0","0","S"
"1017","3","0","male","0","0","Q"
"1018","3","1","male","0","0","S"
"1019","3","0","male","0","0","S"
"1020","3","0","male","0","0","S"
"1021","3","0","male","0","0","S"
"1022","3","0","male","0","0","S"
"1023","3","0","male","0","0","S"
"1024","3","1","female","0","0","Q"
"1025","3","0","male","0","0","S"
"1026","3","1","male","0","1","S"
"1027","3","1","female","0","1","S"
"1028","3","0","male","0","0","S"
"1029","3","1","female","1","0","Q"
"1030","3","0","male","1","0","Q"
"1031","3","0","male","0","0","Q"
"1032","3","0","male","0","0","S"
"1033","3","0","male","0","0","Q"
"1034","3","1","male","0","0","S"
"1035","3","1","male","1","1","C"
"1036","3","1","male","1","1","C"
"1037","3","1","female","0","2","C"
"1038","3","1","female","0","0","C"
"1039","3","0","male","0","0","S"
"1040","3","1","female","0","0","Q"
"1041","3","1","female","0","0","Q"
"1042","3","0","male","0","0","S"
"1043","3","1","female","1","0","Q"
"1044","3","1","female","1","0","Q"
"1045","3","1","female","0","0","Q"
"1046","3","0","male","0","0","S"
"1047","3","0","male","0","0","S"
"1048","3","1","female","0","0","C"
"1049","3","1","female","0","2","C"
"1050","3","1","male","1","1","C"
"1051","3","1","female","1","1","C"
"1052","3","0","male","0","0","S"
"1053","3","0","male","0","0","S"
"1054","3","0","male","0","0","C"
"1055","3","0","female","0","0","Q"
"1056","3","0","male","0","0","S"
"1057","3","1","male","1","0","C"
"1058","3","1","female","1","0","C"
"1059","3","0","female","0","0","S"
"1060","3","0","male","0","0","S"
"1061","3","1","female","0","0","S"
"1062","3","1","female","0","0","S"
"1063","3","0","male","0","0","S"
"1064","3","0","male","0","0","S"
"1065","3","1","male","0","0","S"
"1066","3","0","male","0","0","S"
"1067","3","0","male","0","0","C"
"1068","3","1","female","0","0","S"
"1069","3","0","male","0","0","S"
"1070","3","0","male","1","0","Q"
"1071","3","0","male","0","0","Q"
"1072","3","1","female","1","0","Q"
"1073","3","0","male","0","0","Q"
"1074","3","0","male","0","0","Q"
"1075","3","0","male","0","0","Q"
"1076","3","0","male","0","0","S"
"1077","3","0","female","0","0","Q"
"1078","3","1","female","0","0","Q"
"1079","3","1","female","0","0","Q"
"1080","3","1","female","0","0","S"
"1081","3","1","male","0","0","Q"
"1082","3","1","female","0","0","Q"
"1083","3","1","male","0","1","S"
"1084","3","0","male","0","0","S"
"1085","3","0","male","0","1","S"
"1086","3","0","male","0","0","S"
"1087","3","0","female","0","0","S"
"1088","3","0","male","0","0","S"
"1089","3","1","male","0","0","S"
"1090","3","0","male","0","0","S"
"1091","3","0","female","0","0","S"
"1092","3","0","female","0","0","S"
"1093","3","0","male","0","0","S"
"1094","3","0","male","0","0","S"
"1095","3","1","female","0","0","S"
"1096","3","0","female","0","0","Q"
"1097","3","0","male","3","1","S"
"1098","3","0","male","3","1","S"
"1099","3","0","female","3","1","S"
"1100","3","0","female","3","1","S"
"1101","3","0","female","0","4","S"
"1102","3","0","male","4","1","S"
"1103","3","0","male","4","1","S"
"1104","3","0","male","4","1","S"
"1105","3","0","male","4","1","S"
"1106","3","0","male","4","1","S"
"1107","3","0","female","0","5","S"
"1108","3","0","male","0","0","S"
"1109","3","0","male","0","0","S"
"1110","3","0","male","0","0","C"
"1111","3","0","male","0","0","S"
"1112","3","0","male","1","1","S"
"1113","3","0","female","1","1","S"
"1114","3","0","female","0","2","S"
"1115","3","0","male","0","0","S"
"1116","3","0","male","0","0","S"
"1117","3","0","male","0","0","S"
"1118","3","0","male","0","0","S"
"1119","3","0","male","0","0","S"
"1120","3","0","male","0","0","S"
"1121","3","1","male","1","0","S"
"1122","3","1","male","1","1","C"
"1123","3","1","female","1","1","C"
"1124","3","1","female","0","2","C"
"1125","3","0","female","0","0","Q"
"1126","3","0","male","0","0","S"
"1127","3","0","female","0","0","S"
"1128","3","0","male","0","0","S"
"1129","3","0","male","0","0","S"
"1130","3","0","male","1","0","S"
"1131","3","0","female","0","0","S"
"1132","3","1","male","0","0","S"
"1133","3","0","male","0","0","S"
"1134","3","0","male","0","0","S"
"1135","3","0","male","0","0","S"
"1136","3","0","male","0","0","S"
"1137","3","0","female","0","0","S"
"1138","3","0","male","0","0","C"
"1139","3","0","male","0","0","S"
"1140","3","0","male","0","0","S"
"1141","3","0","male","0","0","S"
"1142","3","0","male","4","1","Q"
"1143","3","0","male","4","1","Q"
"1144","3","0","male","4","1","Q"
"1145","3","0","male","4","1","Q"
"1146","3","0","male","4","1","Q"
"1147","3","0","female","0","5","Q"
"1148","3","0","female","0","0","S"
"1149","3","0","male","0","0","S"
"1150","3","1","female","0","0","Q"
"1151","3","0","male","0","0","S"
"1152","3","0","female","0","0","S"
"1153","3","0","male","1","0","S"
"1154","3","0","female","1","0","S"
"1155","3","0","male","0","0","S"
"1156","3","0","male","0","0","S"
"1157","3","0","female","1","1","S"
"1158","3","0","male","1","1","S"
"1159","3","0","female","0","2","S"
"1160","3","1","female","0","0","S"
"1161","3","0","male","0","0","S"
"1162","3","0","male","0","0","S"
"1163","3","1","male","0","0","Q"
"1164","3","0","male","0","0","Q"
"1165","3","0","male","0","0","C"
"1166","3","0","male","0","0","C"
"1167","3","0","male","0","0","C"
"1168","3","0","male","0","0","Q"
"1169","3","0","male","0","0","S"
"1170","3","0","male","0","0","S"
"1171","3","0","male","8","2","S"
"1172","3","0","male","8","2","S"
"1173","3","0","female","8","2","S"
"1174","3","0","female","8","2","S"
"1175","3","0","female","8","2","S"
"1176","3","0","female","8","2","S"
"1177","3","0","male","8","2","S"
"1178","3","0","male","8","2","S"
"1179","3","0","male","8","2","S"
"1180","3","0","male","1","9","S"
"1181","3","0","female","1","9","S"
"1182","3","0","male","0","0","S"
"1183","3","1","female","0","0","S"
"1184","3","0","male","0","0","S"
"1185","3","0","male","2","0","C"
"1186","3","0","male","2","0","C"
"1187","3","0","male","2","0","C"
"1188","3","1","female","1","1","S"
"1189","3","1","female","0","2","S"
"1190","3","1","female","1","1","S"
"1191","3","1","male","0","0","S"
"1192","3","0","male","0","0","S"
"1193","3","0","male","0","0","S"
"1194","3","0","male","0","0","Q"
"1195","3","0","male","0","0","S"
"1196","3","0","male","0","0","Q"
"1197","3","1","male","0","0","S"
"1198","3","0","male","0","0","S"
"1199","3","1","female","0","0","Q"
"1200","3","0","male","0","0","S"
"1201","3","0","male","0","0","S"
"1202","3","0","male","0","0","C"
"1203","3","0","male","0","0","S"
"1204","3","0","male","0","0","S"
"1205","3","0","male","0","0","S"
"1206","3","1","female","0","0","S"
"1207","3","0","male","3","2","S"
"1208","3","0","male","3","2","S"
"1209","3","0","female","3","2","S"
"1210","3","0","female","3","2","S"
"1211","3","0","male","1","4","S"
"1212","3","0","female","1","4","S"
"1213","3","0","male","0","0","S"
"1214","3","0","male","0","0","S"
"1215","3","0","male","0","0","S"
"1216","3","0","male","0","0","Q"
"1217","3","1","female","0","0","Q"
"1218","3","0","male","0","0","S"
"1219","3","0","male","0","0","S"
"1220","3","0","male","0","0","S"
"1221","3","0","male","0","0","S"
"1222","3","0","male","0","0","S"
"1223","3","0","male","0","0","C"
"1224","3","1","female","0","0","S"
"1225","3","0","male","0","0","S"
"1226","3","0","male","0","0","S"
"1227","3","0","male","0","0","S"
"1228","3","0","female","0","0","S"
"1229","3","1","male","0","0","S"
"1230","3","0","male","0","0","S"
"1231","3","0","female","0","1","S"
"1232","3","0","female","1","1","S"
"1233","3","1","male","0","0","S"
"1234","3","1","male","0","0","S"
"1235","3","0","male","0","0","S"
"1236","3","0","male","0","0","S"
"1237","3","1","male","0","0","S"
"1238","3","0","male","0","0","S"
"1239","3","1","male","0","0","S"
"1240","3","0","male","0","0","S"
"1241","3","1","male","0","1","C"
"1242","3","0","male","1","0","C"
"1243","3","0","male","0","0","C"
"1244","3","0","male","0","0","C"
"1245","3","1","female","1","1","C"
"1246","3","0","male","0","0","S"
"1247","3","0","male","1","0","S"
"1248","3","1","female","1","0","S"
"1249","3","0","male","0","0","S"
"1250","3","0","male","0","0","Q"
"1251","3","0","male","0","0","S"
"1252","3","0","male","0","0","S"
"1253","3","0","male","0","0","S"
"1254","3","0","male","0","0","C"
"1255","3","1","male","0","0","S"
"1256","3","0","male","0","0","C"
"1257","3","1","male","1","1","C"
"1258","3","1","female","1","1","C"
"1259","3","1","female","0","2","C"
"1260","3","0","male","0","0","S"
"1261","3","1","female","0","0","S"
"1262","3","1","female","0","0","S"
"1263","3","0","male","1","1","S"
"1264","3","0","male","1","1","S"
"1265","3","0","male","0","2","S"
"1266","3","0","female","0","2","S"
"1267","3","0","male","1","1","S"
"1268","3","0","female","1","1","S"
"1269","3","0","male","0","0","S"
"1270","3","0","male","0","0","S"
"1271","3","0","male","0","0","S"
"1272","3","0","male","0","0","S"
"1273","3","0","male","0","0","S"
"1274","3","0","female","2","0","S"
"1275","3","0","male","3","0","S"
"1276","3","0","male","2","0","S"
"1277","3","0","female","1","0","S"
"1278","3","1","male","0","0","C"
"1279","3","0","male","0","0","S"
"1280","3","0","female","0","0","S"
"1281","3","0","male","0","0","S"
"1282","3","0","male","0","0","S"
"1283","3","0","male","0","0","S"
"1284","3","0","male","0","0","S"
"1285","3","0","male","0","0","S"
"1286","3","0","male","0","0","S"
"1287","3","1","female","0","0","C"
"1288","3","0","male","0","0","S"
"1289","3","0","male","1","0","S"
"1290","3","0","male","1","0","S"
"1291","3","1","female","1","0","S"
"1292","3","0","male","0","0","S"
"1293","3","0","male","0","0","S"
"1294","3","0","male","0","0","S"
"1295","3","0","male","0","0","S"
"1296","3","0","male","0","0","S"
"1297","3","0","male","0","0","S"
"1298","3","0","male","0","0","S"
"1299","3","0","male","0","0","S"
"1300","3","0","male","1","0","C"
"1301","3","1","female","1","0","C"
"1302","3","0","male","0","0","C"
"1303","3","0","male","0","0","C"
"1304","3","0","male","0","0","C"
"1305","3","0","female","1","0","C"
"1306","3","0","female","1","0","C"
"1307","3","0","male","0","0","C"
"1308","3","0","male","0","0","C"
"1309","3","0","male","0","0","S"
